/*
SQLyog Ultimate v11.24 (32 bit)
MySQL - 5.6.25-log : Database - collectionsystem
*********************************************************************
*/

/*!40101 SET NAMES utf8 */;

/*!40101 SET SQL_MODE=''*/;

/*!40014 SET @OLD_UNIQUE_CHECKS=@@UNIQUE_CHECKS, UNIQUE_CHECKS=0 */;
/*!40014 SET @OLD_FOREIGN_KEY_CHECKS=@@FOREIGN_KEY_CHECKS, FOREIGN_KEY_CHECKS=0 */;
/*!40101 SET @OLD_SQL_MODE=@@SQL_MODE, SQL_MODE='NO_AUTO_VALUE_ON_ZERO' */;
/*!40111 SET @OLD_SQL_NOTES=@@SQL_NOTES, SQL_NOTES=0 */;
CREATE DATABASE /*!32312 IF NOT EXISTS*/`collectionsystem` /*!40100 DEFAULT CHARACTER SET utf8 */;

USE `collectionsystem`;

/*Table structure for table `coupon` */

DROP TABLE IF EXISTS `coupon`;

CREATE TABLE `coupon` (
  `id` varchar(10) NOT NULL,
  `prices` float DEFAULT NULL,
  PRIMARY KEY (`id`)
) ENGINE=InnoDB DEFAULT CHARSET=utf8;

/*Data for the table `coupon` */

insert  into `coupon`(`id`,`prices`) values ('007',80),('008',80),('009',80),('010',80),('011',80),('012',80),('013',80),('014',80),('015',80),('016',80),('017',80),('018',80),('019',80),('020',80),('021',80),('022',80),('023',80),('123',123456),('155',10);

/*Table structure for table `item` */

DROP TABLE IF EXISTS `item`;

CREATE TABLE `item` (
  `id` varchar(10) NOT NULL,
  `name` varchar(20) DEFAULT NULL,
  `prices` float DEFAULT NULL,
  `count` int(20) DEFAULT NULL,
  `note` varchar(20) DEFAULT NULL,
  PRIMARY KEY (`id`)
) ENGINE=InnoDB DEFAULT CHARSET=utf8;

/*Data for the table `item` */

insert  into `item`(`id`,`name`,`prices`,`count`,`note`) values ('001','怡宝555ml',2,0,NULL),('002','可口可乐',3,39,NULL),('003','百事可乐',3,44,NULL),('004','牙刷',10,44,''),('005','牙膏',8,57,NULL),('010','康师傅鲜橙多',6,39,'特价');

/*Table structure for table `log` */

DROP TABLE IF EXISTS `log`;

CREATE TABLE `log` (
  `date` date DEFAULT NULL,
  `type` varchar(20) DEFAULT NULL,
  `userid` varchar(20) DEFAULT NULL,
  `itemid` varchar(20) DEFAULT NULL,
  `count` int(20) DEFAULT NULL,
  `note` varchar(20) DEFAULT NULL
) ENGINE=InnoDB DEFAULT CHARSET=utf8;

/*Data for the table `log` */

insert  into `log`(`date`,`type`,`userid`,`itemid`,`count`,`note`) values ('2018-06-05','登陆日志','0002','无',0,'正常登陆'),('2018-06-05','登陆日志','0002','无',0,'正常登陆'),('2018-06-05','登陆日志','0001','无',0,'正常登陆'),('2018-06-05','登陆日志','0001','无',0,'正常登陆'),('2018-06-05','登陆日志','004','无',0,'正常登陆'),('2018-06-05','登陆日志','0001','无',0,'正常登陆'),('2018-06-05','登陆日志','0002','无',0,'正常登陆'),('2018-06-05','修改密码',NULL,'无',0,'修改后密码:null'),('2018-06-05','登陆日志','0001','无',0,'正常登陆'),('2018-06-05','修改密码','0001','无',0,'修改后密码:admin'),('2018-06-05','登陆日志','0001','无',0,'正常登陆'),('2018-06-05','登陆日志','0001','无',0,'正常登陆'),('2018-06-05','会员添加','0001','无',0,'会员ID:285'),('2018-06-05','注册日志','288','无',0,'注册账户:xinzhanghu'),('2018-06-05','登陆日志','288','无',0,'正常登陆'),('2018-06-05','登陆日志','0001','无',0,'正常登陆'),('2018-06-05','会员添加','0001','无',0,'会员ID:133'),('2018-06-05','会员修改','0001','修改内容:testwo',0,'会员ID:133'),('2018-06-05','会员删除','0001','无',0,'会员ID:285'),('2018-06-05','登陆日志','0001','无',0,'正常登陆'),('2018-06-05','登陆日志','0001','无',0,'正常登陆'),('2018-06-05','登陆日志','0001','无',0,'正常登陆'),('2018-06-05','登陆日志','0001','无',0,'正常登陆'),('2018-06-05','登陆日志','0001','无',0,'正常登陆'),('2018-06-05','登陆日志','0001','无',0,'正常登陆'),('2018-06-05','会员添加','0001','无',0,'会员ID:005'),('2018-06-05','登陆日志','0001','无',0,'正常登陆'),('2018-06-05','会员修改','0001','修改内容:vip1',0,'会员ID:001'),('2018-06-05','会员修改','0001','修改内容:孙鸣',0,'会员ID:005'),('2018-06-05','会员修改','0001','修改内容:100',0,'会员ID:005'),('2018-06-05','优惠券添加','0001','优惠券ID:155',10,''),('2018-06-05','登陆日志','0001','无',0,'正常登陆'),('2018-06-05','优惠券使用','0001','优惠券ID:null',0,'005'),('2018-06-05','登陆日志','0001','无',0,'正常登陆'),('2018-06-06','登陆日志','0001','无',0,'正常登陆'),('2018-06-06','登陆日志','0001','无',0,'正常登陆'),('2018-06-06','登陆日志','0001','无',0,'正常登陆'),('2018-06-06','登陆日志','0001','无',0,'正常登陆'),('2018-06-06','登陆日志','0001','无',0,'正常登陆'),('2018-06-06','登陆日志','0001','无',0,'正常登陆'),('2018-06-06','登陆日志','0001','无',0,'正常登陆'),('2018-06-06','登陆日志','0001','无',0,'正常登陆'),('2018-06-06','登陆日志','0001','无',0,'正常登陆'),('2018-06-06','注册日志','1212','无',0,'注册账户:1234'),('2018-06-06','登陆日志','1212','无',0,'正常登陆'),('2018-06-06','商品出售','1212','001',6,'正常出库'),('2018-06-06','商品出售','1212','005',3,'正常出库'),('2018-06-06','登陆日志','0001','无',0,'正常登陆'),('2018-06-06','登陆日志','0001','无',0,'正常登陆'),('2018-06-06','登陆日志','0001','无',0,'正常登陆'),('2018-06-06','登陆日志','0001','无',0,'正常登陆'),('2018-06-06','登陆日志','0001','无',0,'正常登陆'),('2018-06-06','商品出售','0001','001',2,'正常出库'),('2018-06-06','会员积分','0001','积分',4,'会员ID:001'),('2018-06-06','优惠券使用','0001','优惠券ID:004',80,'无'),('2018-06-06','注册日志','100','无',0,'注册账户:admin01'),('2018-06-06','登陆日志','100','无',0,'正常登陆'),('2018-06-06','登陆日志','100','无',0,'正常登陆'),('2018-06-06','登陆日志','100','无',0,'正常登陆'),('2018-06-06','商品修改','100','001',10,'修改内容:无'),('2018-06-06','商品修改','100','002',68,'修改内容:无'),('2018-06-06','商品出售','100','001',10,'正常出库'),('2018-06-06','商品出售','100','002',11,'正常出库'),('2018-06-06','会员积分','100','积分',53,'会员ID:001'),('2018-06-06','优惠券添加','100','优惠券ID:100',5,''),('2018-06-06','商品出售','100','010',2,'正常出库'),('2018-06-06','商品出售','100','003',1,'正常出库'),('2018-06-06','商品出售','100','004',1,'正常出库'),('2018-06-06','商品出售','100','002',1,'正常出库'),('2018-06-06','会员积分','100','积分',28,'会员ID:001'),('2018-06-06','优惠券使用','100','优惠券ID:100',5,'无'),('2018-06-06','登陆日志','0001','无',0,'正常登陆'),('2018-06-06','会员添加','0001','无',0,'会员ID:123'),('2018-06-06','会员修改','0001','修改内容:',0,'会员ID:123'),('2018-06-06','会员修改','0001','修改内容:02',0,'会员ID:123'),('2018-06-06','会员修改','0001','修改内容:123213',0,'会员ID:123'),('2018-06-06','会员删除','0001','无',0,'会员ID:123'),('2018-06-06','优惠券添加','0001','优惠券ID:123',123456,''),('2018-06-06','优惠券添加','0001','优惠券ID:032',123456,''),('2018-06-06','优惠券添加','0001','优惠券ID:032',123456,'032'),('2018-06-06','商品修改','0001','005',58,'修改内容:无'),('2018-06-06','商品出售','0001','002',1,'正常出库'),('2018-06-06','会员修改','0001','修改内容:vip1',0,'会员ID:004'),('2018-06-06','会员修改','0001','修改内容:12331',0,'会员ID:004'),('2018-06-08','登陆日志','0001','无',0,'正常登陆'),('2018-06-08','登陆日志','0001','无',0,'正常登陆'),('2018-06-08','登陆日志','0001','无',0,'正常登陆'),('2018-06-08','登陆日志','0001','无',0,'正常登陆'),('2018-06-08','登陆日志','0001','无',0,'正常登陆'),('2018-06-08','登陆日志','0001','无',0,'正常登陆'),('2018-06-08','登陆日志','0001','无',0,'正常登陆'),('2018-06-08','登陆日志','0001','无',0,'正常登陆'),('2018-06-08','商品出售','0001','002',5,'正常出库'),('2018-06-08','商品出售','0001','004',4,'正常出库'),('2018-06-08','登陆日志','0001','无',0,'正常登陆'),('2018-06-08','商品出售','0001','003',6,'正常出库'),('2018-06-08','会员积分','0001','积分',18,'会员ID:001'),('2018-06-08','优惠券使用','0001','优惠券ID:006',80,'无'),('2018-06-08','登陆日志','0001','无',0,'正常登陆'),('2018-06-08','商品出售','0001','003',8,'正常出库'),('2018-06-08','商品出售','0001','010',8,'正常出库'),('2018-06-08','登陆日志','0001','无',0,'正常登陆'),('2018-06-08','登陆日志','0001','无',0,'正常登陆'),('2018-06-08','登陆日志','0001','无',0,'正常登陆'),('2018-06-08','登陆日志','0001','无',0,'正常登陆'),('2018-06-08','登陆日志','0001','无',0,'正常登陆'),('2018-06-08','登陆日志','0002','无',0,'正常登陆'),('2018-06-08','登陆日志','0001','无',0,'正常登陆'),('2018-06-10','登陆日志','0001','无',0,'正常登陆'),('2018-06-10','商品出售','0001','002',11,'正常出库'),('2018-06-10','登陆日志','0001','无',0,'正常登陆'),('2018-06-10','商品出售','0001','005',1,'正常出库'),('2018-06-10','会员积分','0001','积分',8,'会员ID:001');

/*Table structure for table `user` */

DROP TABLE IF EXISTS `user`;

CREATE TABLE `user` (
  `ID` varchar(10) NOT NULL,
  `USER` varchar(20) DEFAULT NULL,
  `PASSWORD` varchar(20) DEFAULT NULL,
  `ADMIN` varchar(20) DEFAULT NULL,
  `NAME` varchar(20) DEFAULT NULL,
  `SEX` varchar(10) DEFAULT NULL,
  `AGE` int(10) DEFAULT NULL,
  `TELEPHONE` varchar(30) DEFAULT NULL,
  `SUM` float DEFAULT NULL,
  PRIMARY KEY (`ID`)
) ENGINE=InnoDB DEFAULT CHARSET=utf8;

/*Data for the table `user` */

insert  into `user`(`ID`,`USER`,`PASSWORD`,`ADMIN`,`NAME`,`SEX`,`AGE`,`TELEPHONE`,`SUM`) values ('0001','admin','admin','管理员','宋清卿','男',18,'15505552559',1297),('0002','user','user','收银员','王壮壮','男',20,'18808882889',109),('003','user3','user3','收银员','何靖','男',80,'13303304958',0),('004','abc','abc','收银员','阿百川','男',183,'19395884739',0),('100','admin01','123456','管理员','宋清卿','男',19,'15505552559',81),('1212','1234','123456','收银员','王壮壮','男',19,'123213121',36),('288','xinzhanghu','xinzhanghu','管理员','新账户','男',183,'28848885778',0);

/*Table structure for table `vip` */

DROP TABLE IF EXISTS `vip`;

CREATE TABLE `vip` (
  `ID` varchar(10) NOT NULL,
  `USER` varchar(20) DEFAULT NULL,
  `NAME` varchar(20) DEFAULT NULL,
  `COUNT` int(20) DEFAULT NULL,
  `TELEPHONE` varchar(20) DEFAULT NULL,
  `DATE` date DEFAULT NULL,
  PRIMARY KEY (`ID`)
) ENGINE=InnoDB DEFAULT CHARSET=utf8;

/*Data for the table `vip` */

insert  into `vip`(`ID`,`USER`,`NAME`,`COUNT`,`TELEPHONE`,`DATE`) values ('001','vip1','vip1',494,'19938884778  ','2018-05-29'),('003','vip34','栾卿赫1',100,'05160005','2018-05-29'),('004','vip4','vip1',12331,'19938884778','2018-05-29'),('005','sunming','孙鸣',100,'15505552559','2018-06-05'),('007','vip7','阿卡卡',200,'15505552559','2018-05-30'),('133','zhanghao','testwo',0,'19949993880','2018-06-05');

/*!40101 SET SQL_MODE=@OLD_SQL_MODE */;
/*!40014 SET FOREIGN_KEY_CHECKS=@OLD_FOREIGN_KEY_CHECKS */;
/*!40014 SET UNIQUE_CHECKS=@OLD_UNIQUE_CHECKS */;
/*!40111 SET SQL_NOTES=@OLD_SQL_NOTES */;
